food,time
dd,2024-09-12 17:21:01
dd,2024-09-12 17:21:35
dd,2024-09-12 17:21:36
dd,2024-09-12 17:26:03
dd,2024-09-12 17:26:03
dd,2024-09-12 17:26:03
dd,2024-09-12 17:26:03
dd,2024-09-12 17:26:03
dd,2024-09-12 17:26:04
dd,2024-09-12 17:26:04
dd,2024-09-12 17:26:04
dd,2024-09-12 17:26:04
dd,2024-09-12 17:26:04
33,2024-09-12 18:01:37
33,2024-09-19 10:29:11
33,2024-09-19 10:36:23
편육,2024-09-19 10:37:33
편육,2024-09-19 10:38:37
편육,2024-09-19 10:40:06
편육,2024-09-19 10:40:35
편육,2024-09-19 10:40:36
편육,2024-09-19 10:40:37
치킨,2024-09-19 12:01:16
해물찜,2024-09-19 12:39:01
해물파전,2024-09-19 12:40:16
해물파전,2024-09-19 12:40:34
해물파전,2024-09-19 12:41:00
해물파전,2024-09-19 12:41:28
해물파전,2024-09-19 12:42:38
해물파전,2024-09-19 12:44:54
해물파전,2024-09-19 12:44:59
해물파전,2024-09-19 12:44:59
